k,g,dr,count,fraction_pct,delta_uniform_pp,hl_predicted,deviation_vs_hl_pct,H_g,xmax
5,90,1,26207,16.723673630875652,0.05700696420898599,26111.41768302675,0.3660556394660326,3.520863017849971,10000000
5,90,2,26244,16.747284724260716,0.08061805759405072,26111.41768302675,0.5077561034130789,3.520863017849971,10000000
5,90,4,26120,16.6681556545378,0.0014889878711316085,26111.41768302675,0.03286806207703173,3.520863017849971,10000000
5,90,5,26043,16.6190190547905,-0.04764761187616706,26111.41768302675,-0.26202209262357823,3.520863017849971,10000000
5,90,7,26061,16.6305055326535,-0.0361611340131629,26111.41768302675,-0.19308673178447458,3.520863017849971,10000000
5,90,8,26031,16.61136140288183,-0.05530526378483558,26111.41768302675,-0.3079789998496473,3.520863017849971,10000000
7,126,1,23480,16.646461209066224,-0.02020545760044179,23500.275914724072,-0.08627947517572913,3.1687767160649742,10000000
7,126,2,23506,16.664894258105225,-0.0017724085614401197,23500.275914724072,0.024357523701844592,3.1687767160649742,10000000
7,126,4,23448,16.623774379479762,-0.04289228718690197,23500.275914724072,-0.22244808917889677,3.1687767160649742,10000000
7,126,5,23541,16.68970797796542,0.023041311298752087,23500.275914724072,0.17329194526780922,3.1687767160649742,10000000
7,126,7,23605,16.73508163713834,0.06841497047167522,23500.275914724072,0.44562917327414453,3.1687767160649742,10000000
7,126,8,23471,16.64008053824503,-0.026586128421635102,23500.275914724072,-0.12457689786412003,3.1687767160649742,10000000
10,180,1,26177,16.7257694544014,0.05910278773473554,26111.41768302675,0.25116337140085987,3.520863017849971,10000000
10,180,2,26067,16.65548505817631,-0.011181608490354322,26111.41768302675,-0.17010827817144006,3.520863017849971,10000000
10,180,4,26069,16.656762956289494,-0.009903710377170971,26111.41768302675,-0.16244879363376186,3.520863017849971,10000000
10,180,5,26117,16.6874325110059,0.02076584433923223,26111.41768302675,0.02137883527051446,3.520863017849971,10000000
10,180,7,25989,16.605647031762157,-0.06101963490450779,26111.41768302675,-0.4688281751408891,3.520863017849971,10000000
10,180,8,26088,16.668902988364735,0.0022363216980708644,26111.41768302675,-0.08968369052581916,3.520863017849971,10000000
11,198,1,21756,16.670625646526954,0.003958979860288481,21759.514735855624,-0.016152638964105837,2.9340525148749763,10000000
11,198,2,21740,16.658365579862842,-0.008301086803824687,21759.514735855624,-0.08968369052581637,2.9340525148749763,10000000
11,198,4,21706,16.6323129382016,-0.034353728465064126,21759.514735855624,-0.24593717509445123,2.9340525148749763,10000000
11,198,5,21708,16.633845446534615,-0.03282122013205102,21759.514735855624,-0.23674579364923745,2.9340525148749763,10000000
11,198,7,21670,16.60472778820735,-0.06193887845931667,21759.514735855624,-0.4113820411082999,2.9340525148749763,10000000
11,198,8,21925,16.800122600666644,0.13345593399997635,21759.514735855624,0.7605190931564617,2.9340525148749763,10000000
12,216,1,19561,16.672206738431903,0.005540071765239296,19583.56326227006,-0.11521530565140843,2.6406472633874785,10000000
12,216,2,19552,16.664535869833884,-0.002130796832783277,19583.56326227006,-0.16117221287747752,2.6406472633874785,10000000
12,216,4,19505,16.62447688937755,-0.04218977728911444,19583.56326227006,-0.4011693950580605,2.6406472633874785,10000000
12,216,5,19511,16.62959080177623,-0.03707586489043457,19583.56326227006,-0.3705314569073478,2.6406472633874785,10000000
12,216,7,19505,16.62447688937755,-0.04218977728911444,19583.56326227006,-0.4011693950580605,2.6406472633874785,10000000
12,216,8,19693,16.78471281120288,0.11804614453621298,19583.56326227006,0.5588193336642715,2.6406472633874785,10000000
13,234,1,21462,16.782527779298263,0.11586111263159893,21363.8871952037,0.4592460346744675,2.8807061055136125,10000000
13,234,2,21362,16.704331302831495,0.037664636164827514,21363.8871952037,-0.008833575961421335,2.8807061055136125,10000000
13,234,4,21218,16.591728376719345,-0.0749382899473211,21363.8871952037,-0.6828682152771013,2.8807061055136125,10000000
13,234,5,21316,16.66836092365678,0.0016942569901146065,21363.8871952037,-0.2241501968539302,2.8807061055136125,10000000
13,234,7,21274,16.635518403540736,-0.031148263125929665,21363.8871952037,-0.4207436333210035,2.8807061055136125,10000000
13,234,8,21251,16.61753321395338,-0.049133452713287507,21363.8871952037,-0.528401943767258,2.8807061055136125,10000000
15,270,1,26158,16.717261124922512,0.05059445825584541,26111.41768302675,0.17839826829291716,3.520863017849971,10000000
15,270,2,26158,16.717261124922512,0.05059445825584541,26111.41768302675,0.17839826829291716,3.520863017849971,10000000
15,270,4,26117,16.691058521278432,0.024391854611766073,26111.41768302675,0.02137883527051446,3.520863017849971,10000000
15,270,5,25908,16.557489151483004,-0.10917751518366159,26111.41768302675,-0.7790372989168554,3.520863017849971,10000000
15,270,7,26099,16.679554939190787,0.012888272524122502,26111.41768302675,-0.047556525568589164,3.520863017849971,10000000
15,270,8,26033,16.637375138202756,-0.029291528463909478,26111.41768302675,-0.3003195153119691,3.520863017849971,10000000
17,306,1,20913,16.677033492822964,0.010366826156299469,20889.134146421395,0.1142500852898868,2.816690414279977,10000000
17,306,2,20941,16.699362041467307,0.032695374800639776,20889.134146421395,0.248291064699255,2.816690414279977,10000000
17,306,4,20905,16.670653907496014,0.003987240829347871,20889.134146421395,0.07595266260149588,2.816690414279977,10000000
17,306,5,20953,16.708931419457734,0.04226475279106856,20889.134146421395,0.30573719873184135,2.816690414279977,10000000
17,306,7,20959,16.71371610845295,0.04704944178628434,20889.134146421395,0.33446026574813453,2.816690414279977,10000000
17,306,8,20729,16.53030303030303,-0.13636363636363447,20889.134146421395,-0.7665906365431041,2.816690414279977,10000000
20,360,1,26011,16.65108954497734,-0.01557712168932801,26111.41768302675,-0.38457384522642907,3.520863017849971,10000000
20,360,2,26055,16.6792563951553,0.012589728488635044,26111.41768302675,-0.2160651853975091,3.520863017849971,10000000
20,360,4,26072,16.69013904181497,0.02347237514830347,26111.41768302675,-0.1509595668272446,3.520863017849971,10000000
20,360,5,25974,16.627403784600414,-0.039262882066251614,26111.41768302675,-0.5262743091734754,3.520863017849971,10000000
20,360,7,26049,16.675415461040124,0.008748794373458768,26111.41768302675,-0.23904363901054368,3.520863017849971,10000000
20,360,8,26051,16.67669577241185,0.010029105745185118,26111.41768302675,-0.2313841544728655,3.520863017849971,10000000
